{"publicationGroup": 14418092, "approvals": [{"submissionOutcomeApplication": {"status": "success", "failureCount": 0}, "submissionId": 495246, "submitter": {"displayName": "A. Fuller", "id": "9e4n-uys4"}, "workflowId": 1504, "state": "approved", "submittedAt": 1503540332, "reviewedAt": 1503540332, "submissionObject": "public_audience_request", "submissionOutcome": "change_audience", "reviewedAutomatically": true, "submissionDetails": {"permissionType": "READ"}}], "description": "Report number of all incidents in which a gun was discharged 2000-present", "viewType": "tabular", "hideFromCatalog": false, "oid": 26651565, "newBackend": true, "metadata": {"availableDisplayTypes": ["table", "fatrow", "page"], "renderTypeConfig": {"visible": {"table": true}}}, "createdAt": 1503540198, "averageRating": 0, "id": "97sz-4t74", "publicationAppendEnabled": false, "tableAuthor": {"displayName": "A. Fuller", "screenName": "A. Fuller", "id": "9e4n-uys4", "type": "interactive"}, "licenseId": "PDDL", "viewLastModified": 1503540332, "flags": ["default", "restorable", "restorePossibleForType"], "name": "PRR 21720", "tags": ["report numbers for discharged guns"], "provenance": "official", "grants": [{"flags": ["public"], "inherited": false, "type": "viewer"}], "category": "Public Services", "rights": ["read"], "owner": {"displayName": "A. Fuller", "screenName": "A. Fuller", "id": "9e4n-uys4", "type": "interactive"}, "query": {}, "license": {"termsLink": "http://opendatacommons.org/licenses/pddl/1.0/", "name": "Open Data Commons Public Domain Dedication and License"}, "numberOfComments": 0, "tableId": 14418092, "publicationDate": 1503540332, "displayType": "table", "attribution": "Oakland Police Department", "locale": "en_US", "indexUpdatedAt": 1503540337, "hideFromDataJson": false, "rowsUpdatedBy": "9e4n-uys4", "columns": [{"cachedContents": {"non_null": 22629, "top": [{"item": "17-032242", "count": 20}, {"item": "17-032445", "count": 19}, {"item": "17-032944", "count": 18}, {"item": "17-033199", "count": 17}, {"item": "17-033717", "count": 16}, {"item": "17-034366", "count": 15}, {"item": "17-034380", "count": 14}, {"item": "17-034447", "count": 13}, {"item": "17-034514", "count": 12}, {"item": "17-034535", "count": 11}, {"item": "17-034535-004", "count": 10}, {"item": "17-034405", "count": 9}, {"item": "17-034563", "count": 8}, {"item": "17-034725", "count": 7}, {"item": "17-034734", "count": 6}, {"item": "17-034770-001", "count": 5}, {"item": "17-034770", "count": 4}, {"item": "17-034782", "count": 3}, {"item": "17-034801", "count": 2}, {"item": "17-034945", "count": 1}], "smallest": "03-026098-001", "null": 0, "largest": "98-118626-001 "}, "width": 196, "fieldName": "report", "id": 317153042, "renderTypeName": "text", "tableColumnId": 52338568, "position": 2, "dataTypeName": "text", "name": "Report #", "format": {}}, {"cachedContents": {"non_null": 22566, "top": [{"item": "31Y", "count": 20}, {"item": "34X", "count": 19}, {"item": "24X", "count": 18}, {"item": "19X", "count": 17}, {"item": "06X", "count": 16}, {"item": "32X", "count": 15}, {"item": "21Y", "count": 14}, {"item": "30X", "count": 13}, {"item": "29X", "count": 12}, {"item": "27X", "count": 11}, {"item": "27Y", "count": 10}, {"item": "35X", "count": 9}, {"item": "10Y", "count": 8}, {"item": "33X", "count": 7}, {"item": "26Y", "count": 6}, {"item": "05X", "count": 5}, {"item": "20X", "count": 4}, {"item": "32Y", "count": 3}, {"item": "02Y", "count": 2}, {"item": "07X", "count": 1}], "smallest": "01X", "null": 63, "largest": "PDT2"}, "width": 148, "fieldName": "beat", "id": 317153043, "renderTypeName": "text", "tableColumnId": 52338569, "position": 3, "dataTypeName": "text", "name": "Beat", "format": {}}, {"cachedContents": {"sum": "113671645616", "smallest": "0", "average": "5666865.028964555", "non_null": 20059, "largest": "6102579", "null": 2570, "top": [{"item": "0", "count": 20}, {"item": "6082683", "count": 19}, {"item": "6081298", "count": 18}, {"item": "6071512", "count": 17}, {"item": "6076666", "count": 16}, {"item": "6080646", "count": 15}, {"item": "6074259", "count": 14}, {"item": "6065983", "count": 13}, {"item": "6050193", "count": 12}, {"item": "6069005", "count": 11}, {"item": "6053451", "count": 10}, {"item": "6076981", "count": 9}, {"item": "6046030", "count": 8}, {"item": "6079367", "count": 7}, {"item": "6047162", "count": 6}, {"item": "6051229", "count": 5}]}, "width": 112, "fieldName": "x", "id": 317153044, "renderTypeName": "number", "tableColumnId": 52338570, "position": 4, "dataTypeName": "number", "name": "X", "format": {"groupSeparator": ",", "decimalSeparator": "."}}, {"cachedContents": {"sum": "39559077342", "smallest": "0", "average": "1972136.065706167", "non_null": 20059, "largest": "2146029", "null": 2570, "top": [{"item": "0", "count": 20}, {"item": "2098607", "count": 19}, {"item": "2101783", "count": 18}, {"item": "2097685", "count": 17}, {"item": "2101430", "count": 16}, {"item": "2102399", "count": 15}, {"item": "2103205", "count": 14}, {"item": "2113646", "count": 13}, {"item": "2126439", "count": 12}, {"item": "2108542", "count": 11}, {"item": "2125561", "count": 10}, {"item": "2100868", "count": 9}, {"item": "2119894", "count": 8}, {"item": "2100702", "count": 7}, {"item": "2126673", "count": 6}, {"item": "2130734", "count": 5}]}, "width": 112, "fieldName": "y", "id": 317153045, "renderTypeName": "number", "tableColumnId": 52338571, "position": 5, "dataTypeName": "number", "name": "Y", "format": {"groupSeparator": ",", "decimalSeparator": "."}}, {"cachedContents": {"non_null": 22548, "top": [{"item": "2017-06-20T09:00:00", "count": 20}, {"item": "2017-06-21T11:50:00", "count": 19}, {"item": "2017-06-23T21:14:00", "count": 18}, {"item": "2017-06-25T10:27:00", "count": 17}, {"item": "2017-06-25T14:00:00", "count": 16}, {"item": "2017-06-27T22:23:00", "count": 15}, {"item": "2017-07-01T16:35:00", "count": 14}, {"item": "2017-07-01T20:08:00", "count": 13}, {"item": "2017-07-01T19:00:00", "count": 12}, {"item": "2017-07-01T22:45:00", "count": 11}, {"item": "2017-07-01T23:42:00", "count": 10}, {"item": "2017-07-02T04:00:00", "count": 9}, {"item": "2017-07-02T17:00:00", "count": 8}, {"item": "2017-07-02T20:41:00", "count": 7}, {"item": "2017-07-01T21:45:00", "count": 6}, {"item": "2017-07-02T21:00:00", "count": 5}, {"item": "2017-07-03T17:16:00", "count": 4}, {"item": "2017-07-03T18:41:00", "count": 3}, {"item": "2017-07-04T00:05:00", "count": 2}, {"item": "2017-07-04T00:06:00", "count": 1}], "smallest": "1991-06-01T00:00:00", "null": 81, "largest": "2055-01-07T17:55:00"}, "width": 268, "fieldName": "occurred_s_d_t", "id": 317153046, "renderTypeName": "calendar_date", "tableColumnId": 52338572, "position": 6, "dataTypeName": "calendar_date", "name": "Occurred S D/T", "format": {"view": "default_date_time"}}, {"cachedContents": {"non_null": 22473, "top": [{"item": "2017-07-01T16:35:00", "count": 20}, {"item": "2017-07-01T20:08:00", "count": 19}, {"item": "2017-07-02T20:41:00", "count": 18}, {"item": "2015-11-21T21:03:00", "count": 17}], "smallest": "1991-06-01T00:00:00", "null": 156, "largest": "2055-01-07T17:55:00"}, "width": 268, "fieldName": "occurred_e_d_t", "id": 317153047, "renderTypeName": "calendar_date", "tableColumnId": 52338573, "position": 7, "dataTypeName": "calendar_date", "name": "Occurred E D/T", "format": {"view": "default_date_time"}}, {"cachedContents": {"non_null": 22614, "top": [{"item": "2017-06-20T17:28:00", "count": 20}, {"item": "2017-06-21T14:29:00", "count": 19}, {"item": "2017-06-23T21:56:00", "count": 18}, {"item": "2017-06-25T11:41:00", "count": 17}, {"item": "2017-06-25T14:05:00", "count": 16}, {"item": "2017-06-27T23:29:00", "count": 15}, {"item": "2017-07-01T17:12:00", "count": 14}, {"item": "2017-07-01T21:26:00", "count": 13}, {"item": "2017-07-02T19:53:00", "count": 12}, {"item": "2017-07-02T20:48:00", "count": 11}, {"item": "2017-07-02T22:16:00", "count": 10}, {"item": "2017-07-02T22:54:00", "count": 9}, {"item": "2017-07-03T01:35:00", "count": 8}, {"item": "2017-07-03T18:21:00", "count": 7}, {"item": "2017-07-03T19:05:00", "count": 6}, {"item": "2017-07-04T00:06:00", "count": 5}, {"item": "2017-07-04T00:13:00", "count": 4}, {"item": "2017-07-04T02:38:00", "count": 3}, {"item": "2017-07-04T07:25:00", "count": 2}, {"item": "2017-07-05T03:29:00", "count": 1}], "smallest": "2004-01-01T01:37:00", "null": 15, "largest": "2017-07-05T05:29:00"}, "width": 244, "fieldName": "reported_d_t", "id": 317153048, "renderTypeName": "calendar_date", "tableColumnId": 52338574, "position": 8, "dataTypeName": "calendar_date", "name": "Reported D/T", "format": {"view": "default_date_time"}}, {"cachedContents": {"non_null": 22629, "top": [{"item": "ASSAULT - FIREARM", "count": 20}], "smallest": "ASSAULT - FIREARM", "null": 0, "largest": "ASSAULT - FIREARM"}, "width": 244, "fieldName": "ucr_category", "id": 317153049, "renderTypeName": "text", "tableColumnId": 52338575, "position": 9, "dataTypeName": "text", "name": "UCR Category", "format": {}}, {"cachedContents": {"non_null": 22629, "top": [{"item": "PC245 (A)(2)", "count": 20}, {"item": "PC246", "count": 19}, {"item": "PC245 (C)", "count": 18}, {"item": "PC246.3", "count": 17}, {"item": "PC247 (B)", "count": 16}, {"item": "PC148 (C)", "count": 15}, {"item": "PC245 (D)(1)", "count": 14}, {"item": "SC245", "count": 13}, {"item": "PC245 (B)", "count": 12}, {"item": "PC247 (A)", "count": 11}, {"item": "PC664 /187(A)", "count": 10}, {"item": "PC417 (B)", "count": 9}, {"item": "PC417.8", "count": 8}, {"item": "PC417 (C)", "count": 7}, {"item": "PC148 (D)", "count": 6}, {"item": "PC417.1", "count": 5}, {"item": "PC245 (D)(2)", "count": 4}, {"item": "PC245 (D)(3)", "count": 3}, {"item": "PC417.3", "count": 2}, {"item": "SC246.3", "count": 1}], "smallest": "B/W-FEL", "null": 0, "largest": "SC246.3"}, "width": 244, "fieldName": "statute_code", "id": 317153050, "renderTypeName": "text", "tableColumnId": 52338576, "position": 10, "dataTypeName": "text", "name": "Statute Code", "format": {}}, {"cachedContents": {"non_null": 22629, "top": [{"item": "ASSAULT WITH FIREARM ON PERSON", "count": 20}, {"item": "SHOOT:INHAB DWELL/VEH/ETC", "count": 19}, {"item": "ADW NOT F/ARM:PO/FIRE:GBI", "count": 18}, {"item": "SHOOT AT INHABITED DWELLING/VEHICLE/ETC", "count": 17}, {"item": "ASLT W/FIREARM ON PERSON", "count": 16}, {"item": "WILLFUL DISCHARGE FIREARM IN NEGLIGENT MANNER", "count": 15}, {"item": "SHOOT AT UNOCCUPIED DWELLING/VEHICLE/ETC", "count": 14}, {"item": "REMOVE/ETC PEACE OFFICER/ETC FIREARM:SPEC CIRC", "count": 13}, {"item": "ASSAULT W/FIREARM ON PEACE OFFICER/FIREFIGHTER", "count": 12}, {"item": "SC ADW - FIREARM", "count": 11}, {"item": "ASSAULT ON PERSON W/SEMIAUTOMATIC RIFLE (AMENDED)", "count": 10}, {"item": "SHOOT AT UNOCCUPIED AIRCRAFT", "count": 9}, {"item": "ATTEMPTED MURDER-FIREARM", "count": 8}, {"item": "DRAW/EXHIBIT FIREARM ON GROUNDS OF DAY CARE CENTER/ETC", "count": 7}, {"item": "EXHIBIT FIREARM/DEADLY WEAPON TO RESIST ARREST", "count": 6}, {"item": "EXHIBIT FIREARM IN PRESENCE OF PEACE OFFICER", "count": 5}, {"item": "ASSAULT PERSON WITH A SEMIAUTOMATIC FIREARM", "count": 4}, {"item": "ATTEMPT TO REMOVE/ETC FIREARM FROM PEACE OFFICER/ETC", "count": 3}, {"item": "EXHIBIT FIREARM PRES PO", "count": 2}, {"item": "ASSAULT W/SEMIAUTOMATIC FIREARM ON PEACE OFFICER/FIREFIGHTER", "count": 1}], "smallest": "ADW NOT F/ARM:PO/FIRE:GBI", "null": 0, "largest": "WILLFULLY DISCHARGE FIREARM IN A GROSSLY NEG MANNER"}, "width": 388, "fieldName": "statute_code_description", "id": 317153051, "renderTypeName": "text", "tableColumnId": 52338577, "position": 11, "dataTypeName": "text", "name": "Statute Code Description", "format": {}}], "publicationStage": "published", "rowsUpdatedAt": 1503540223, "downloadCount": 19, "viewCount": 43, "totalTimesRated": 0}