{"publicationGroup": 5807680, "approvals": [{"submissionOutcomeApplication": {"status": "success", "failureCount": 0}, "submissionId": 495096, "submitter": {"displayName": "A. Fuller", "id": "9e4n-uys4"}, "workflowId": 1504, "state": "approved", "submittedAt": 1448931047, "reviewedAt": 1448931047, "submissionObject": "public_audience_request", "submissionOutcome": "change_audience", "reviewedAutomatically": true, "submissionDetails": {"permissionType": "READ"}}], "description": "crime statistics", "viewType": "tabular", "hideFromCatalog": false, "oid": 15143456, "createdAt": 1448929477, "metadata": {"renderTypeConfig": {"visible": {"table": true}}, "availableDisplayTypes": ["table", "fatrow", "page"], "rowLabel": "Row"}, "newBackend": true, "averageRating": 0, "id": "pzvh-xrum", "publicationAppendEnabled": false, "tableAuthor": {"displayName": "A. Fuller", "screenName": "A. Fuller", "id": "9e4n-uys4", "type": "interactive"}, "licenseId": "PDDL", "viewLastModified": 1448931047, "flags": ["default", "restorable", "restorePossibleForType"], "name": "PRR #10437", "tags": ["crime statistics"], "provenance": "official", "grants": [{"flags": ["public"], "inherited": false, "type": "viewer"}], "category": "Public Services", "rights": ["read"], "owner": {"displayName": "A. Fuller", "screenName": "A. Fuller", "id": "9e4n-uys4", "type": "interactive"}, "query": {}, "license": {"termsLink": "http://opendatacommons.org/licenses/pddl/1.0/", "name": "Open Data Commons Public Domain Dedication and License"}, "numberOfComments": 0, "tableId": 5807680, "publicationDate": 1448931047, "displayType": "table", "attribution": "Oakland Police Department", "indexUpdatedAt": 1448939326, "hideFromDataJson": false, "rowsUpdatedBy": "9e4n-uys4", "columns": [{"cachedContents": {"non_null": 759147, "top": [{"item": "LOP141231001044", "count": 20}, {"item": "LOP141231001045", "count": 19}, {"item": "LOP141231001046", "count": 18}, {"item": "LOP141231001047", "count": 17}, {"item": "LOP141231001048", "count": 16}, {"item": "LOP141231001049", "count": 15}, {"item": "LOP141231001050", "count": 14}, {"item": "LOP141231001051", "count": 13}, {"item": "LOP141231001052", "count": 12}, {"item": "LOP141231001053", "count": 11}, {"item": "LOP141231001054", "count": 10}, {"item": "LOP141231001055", "count": 9}, {"item": "LOP141231001056", "count": 8}, {"item": "LOP141231001057", "count": 7}, {"item": "LOP141231001058", "count": 6}, {"item": "LOP141231001059", "count": 5}, {"item": "LOP141231001060", "count": 4}, {"item": "LOP141231001061", "count": 3}, {"item": "LOP141231001062", "count": 2}, {"item": "LOP141231001063", "count": 1}], "smallest": "LOP130101000001", "null": 0, "largest": "LOP141231001075"}, "width": 244, "fieldName": "event_number", "id": 231949729, "renderTypeName": "text", "tableColumnId": 32969544, "position": 2, "dataTypeName": "text", "name": "EVENT NUMBER", "format": {}}, {"cachedContents": {"non_null": 759147, "top": [{"item": "2014-12-31T22:12:00", "count": 20}, {"item": "2014-12-31T22:36:00", "count": 19}, {"item": "2014-12-31T22:39:00", "count": 18}, {"item": "2014-12-31T23:00:00", "count": 17}, {"item": "2014-12-31T23:05:00", "count": 16}, {"item": "2014-12-31T23:19:00", "count": 15}, {"item": "2014-12-31T23:20:00", "count": 14}, {"item": "2014-12-31T23:22:00", "count": 13}, {"item": "2014-12-31T23:23:00", "count": 12}, {"item": "2014-12-31T23:28:00", "count": 11}, {"item": "2014-12-31T23:32:00", "count": 10}, {"item": "2014-12-31T23:33:00", "count": 9}, {"item": "2014-12-31T23:35:00", "count": 8}, {"item": "2014-12-31T23:37:00", "count": 7}, {"item": "2014-12-31T23:40:00", "count": 6}, {"item": "2014-12-31T23:43:00", "count": 5}, {"item": "2014-12-31T23:44:00", "count": 4}, {"item": "2014-12-31T23:47:00", "count": 3}, {"item": "2014-12-31T23:49:00", "count": 2}, {"item": "2014-12-31T23:52:00", "count": 1}], "smallest": "2013-01-01T00:00:00", "null": 0, "largest": "2014-12-31T23:59:00"}, "width": 208, "fieldName": "date_time", "id": 231949735, "renderTypeName": "calendar_date", "tableColumnId": 32969550, "position": 3, "dataTypeName": "calendar_date", "name": "DATE/TIME", "format": {}}, {"cachedContents": {"non_null": 759117, "top": [{"item": "2600 73RD AV", "count": 20}, {"item": "400 7TH ST", "count": 19}, {"item": "6900 LOCKWOOD ST", "count": 18}, {"item": "3200 INTERNATIONAL BLVD", "count": 17}, {"item": "600 HEGENBERGER RD", "count": 16}, {"item": "2200 96TH AV", "count": 15}, {"item": "2300 E 24TH ST", "count": 14}, {"item": "EVERETT AV & PARK BLVD", "count": 13}, {"item": "2000 26TH AV", "count": 12}, {"item": "600 18TH ST", "count": 11}, {"item": "2300 85TH AV", "count": 10}, {"item": "1600 BROADWAY", "count": 9}, {"item": "MONTCLAIR AV & PROSPECT AV", "count": 8}, {"item": "1000 ARLINGTON AV", "count": 7}, {"item": "3500 BUTTERS DR", "count": 6}, {"item": "ISABELLA ST & WEST ST", "count": 5}, {"item": "2400 26TH AV", "count": 4}, {"item": "8400 EDES AV", "count": 3}, {"item": "2500 61ST AV", "count": 2}, {"item": "94TH AV & THERMAL ST", "count": 1}], "smallest": "0 ", "null": 30, "largest": "ZINN DR & ZINN TRAIL"}, "width": 664, "fieldName": "address_rounded_to_block_number_or_intersection", "id": 231949739, "renderTypeName": "text", "tableColumnId": 32969554, "position": 4, "dataTypeName": "text", "name": "ADDRESS ROUNDED TO BLOCK NUMBER OR INTERSECTION", "format": {}}, {"cachedContents": {"non_null": 743805, "top": [{"item": "30Y", "count": 20}, {"item": "30X", "count": 19}, {"item": "26Y", "count": 18}, {"item": "20X", "count": 17}, {"item": "34X", "count": 16}, {"item": "19X", "count": 15}, {"item": "04X", "count": 14}, {"item": "31X", "count": 13}, {"item": "03Y", "count": 12}, {"item": "08X", "count": 11}, {"item": "23X", "count": 10}, {"item": "03X", "count": 9}, {"item": "06X", "count": 8}, {"item": "31Y", "count": 7}, {"item": "29X", "count": 6}, {"item": "27Y", "count": 5}, {"item": "07X", "count": 4}, {"item": "09X", "count": 3}, {"item": "33X", "count": 2}, {"item": "25X", "count": 1}], "smallest": "01X", "null": 15342, "largest": "PDT2"}, "width": 232, "fieldName": "patrol_beat", "id": 231949743, "renderTypeName": "text", "tableColumnId": 32969558, "position": 5, "dataTypeName": "text", "name": "PATROL BEAT", "format": {}}, {"cachedContents": {"non_null": 759147, "top": [{"item": "OV", "count": 20}, {"item": "911H", "count": 19}, {"item": "SECCK", "count": 18}, {"item": "933R", "count": 17}, {"item": "10851", "count": 16}, {"item": "COMM", "count": 15}, {"item": "976", "count": 14}, {"item": "415", "count": 13}, {"item": "945A", "count": 12}, {"item": "242", "count": 11}, {"item": "5150", "count": 10}, {"item": "459", "count": 9}, {"item": "HAZ", "count": 8}, {"item": "901", "count": 7}, {"item": "BTNFO", "count": 6}, {"item": "976B", "count": 5}, {"item": "415SS", "count": 4}, {"item": "415GS", "count": 3}, {"item": "943", "count": 2}, {"item": "BCAST", "count": 1}], "smallest": "107", "null": 0, "largest": "YELALT"}, "width": 256, "fieldName": "incident_type", "id": 231949748, "renderTypeName": "text", "tableColumnId": 32969563, "position": 6, "dataTypeName": "text", "name": "INCIDENT TYPE", "format": {}}, {"cachedContents": {"non_null": 758815, "top": [{"item": "ON VIEW", "count": 20}, {"item": "911 HANG-UP", "count": 19}, {"item": "SECURITY CHECK", "count": 18}, {"item": "ALARM-RINGER", "count": 17}, {"item": "STOLEN VEHICLE", "count": 16}, {"item": "BEAT INFORMATION", "count": 15}, {"item": "COMM ORDER", "count": 14}, {"item": "CAR STOP", "count": 13}, {"item": "DISTURBING THE PEACE", "count": 12}, {"item": "AMBULANCE REQUESTED", "count": 11}, {"item": "BATTERY", "count": 10}, {"item": "MENTALLY ILL", "count": 9}, {"item": "BURGLARY", "count": 8}, {"item": "HAZARDOUS SITUATION/", "count": 7}, {"item": "VEHICLE COLLISION/PR", "count": 6}, {"item": "STOP ON A BICYCLE", "count": 5}, {"item": "415 SHOT SPOTTER GUN", "count": 4}, {"item": "PERSONAL BREAK", "count": 3}, {"item": "FIGHT", "count": 2}, {"item": "415 GUNSHOTS", "count": 1}], "smallest": "21235 MOTORSCOOTER", "null": 332, "largest": "YELLOW ALERT AT THE"}, "width": 400, "fieldName": "incident_type_description", "id": 231949752, "renderTypeName": "text", "tableColumnId": 32969567, "position": 7, "dataTypeName": "text", "name": "INCIDENT TYPE DESCRIPTION", "format": {}}, {"cachedContents": {"sum": "1783431", "smallest": "0", "average": "2.349256468114871", "non_null": 759147, "largest": "9", "null": 0, "top": [{"item": "2", "count": 20}, {"item": "1", "count": 19}, {"item": "3", "count": 18}, {"item": "4", "count": 17}, {"item": "9", "count": 16}, {"item": "5", "count": 15}, {"item": "8", "count": 14}, {"item": "7", "count": 13}, {"item": "0", "count": 12}, {"item": "6", "count": 11}]}, "width": 196, "fieldName": "priority", "id": 231949755, "renderTypeName": "number", "tableColumnId": 32969570, "position": 8, "dataTypeName": "number", "name": "PRIORITY", "format": {}}], "publicationStage": "published", "rowsUpdatedAt": 1448930568, "downloadCount": 212, "viewCount": 1430, "totalTimesRated": 0}