{"publicationGroup": 14403178, "approvals": [{"submissionOutcomeApplication": {"status": "success", "failureCount": 0}, "submissionId": 495243, "submitter": {"displayName": "A. Fuller", "id": "9e4n-uys4"}, "workflowId": 1504, "state": "approved", "submittedAt": 1502902804, "reviewedAt": 1502902804, "submissionObject": "public_audience_request", "submissionOutcome": "change_audience", "reviewedAutomatically": true, "submissionDetails": {"permissionType": "READ"}}], "description": "PRR 20055 2010 911 calls", "viewType": "tabular", "hideFromCatalog": false, "oid": 26600067, "createdAt": 1502892327, "metadata": {"availableDisplayTypes": ["table", "fatrow", "page"], "renderTypeConfig": {"visible": {"table": true}}}, "newBackend": true, "averageRating": 0, "id": "f5m3-4b59", "tableAuthor": {"displayName": "A. Fuller", "screenName": "A. Fuller", "id": "9e4n-uys4", "type": "interactive"}, "licenseId": "PUBLIC_DOMAIN", "viewLastModified": 1555990750, "name": "PRR 20055 2010", "provenance": "official", "grants": [{"flags": ["public"], "inherited": false, "type": "viewer"}], "flags": ["default", "restorable", "restorePossibleForType"], "rights": ["read"], "owner": {"displayName": "A. Fuller", "screenName": "A. Fuller", "id": "9e4n-uys4", "type": "interactive"}, "query": {}, "license": {"name": "Public Domain"}, "numberOfComments": 0, "tableId": 14403178, "publicationDate": 1502902804, "displayType": "table", "publicationAppendEnabled": false, "indexUpdatedAt": 1502901051, "hideFromDataJson": false, "rowsUpdatedBy": "9e4n-uys4", "columns": [{"cachedContents": {"smallest": "OP", "cardinality": "1", "non_null": 180311, "largest": "OP", "not_null": "180311", "null": "0", "top": [{"item": "OP", "count": "180311"}]}, "width": 172, "fieldName": "agency", "id": 315947416, "renderTypeName": "text", "tableColumnId": 51995088, "position": 1, "dataTypeName": "text", "name": "Agency", "format": {}}, {"cachedContents": {"smallest": "2010-01-01T00:00:00.000", "cardinality": "179748", "non_null": 180311, "largest": "2010-12-31T23:58:08.000", "not_null": "180311", "null": "0", "top": [{"item": "2010-08-02T00:00:00.000", "count": "3"}, {"item": "2010-08-18T00:00:00.000", "count": "3"}, {"item": "2010-07-01T00:00:00.000", "count": "3"}, {"item": "2010-11-27T00:00:00.000", "count": "3"}, {"item": "2010-10-27T00:00:00.000", "count": "3"}, {"item": "2010-03-18T00:00:00.000", "count": "3"}, {"item": "2010-04-05T00:00:00.000", "count": "3"}, {"item": "2010-04-10T00:00:00.000", "count": "3"}, {"item": "2010-09-03T00:00:00.000", "count": "3"}, {"item": "2010-04-12T21:37:29.000", "count": "2"}, {"item": "2010-08-28T17:42:17.000", "count": "2"}, {"item": "2010-10-20T19:56:19.000", "count": "2"}, {"item": "2010-04-20T15:08:38.000", "count": "2"}, {"item": "2010-10-28T15:28:23.000", "count": "2"}, {"item": "2010-12-13T14:21:37.000", "count": "2"}, {"item": "2010-08-25T13:26:30.000", "count": "2"}, {"item": "2010-04-23T19:57:28.000", "count": "2"}, {"item": "2010-08-22T01:34:08.000", "count": "2"}, {"item": "2010-08-24T10:28:28.000", "count": "2"}, {"item": "2010-03-31T15:17:46.000", "count": "2"}]}, "width": 232, "fieldName": "create_time", "id": 315947417, "renderTypeName": "calendar_date", "tableColumnId": 51995089, "position": 2, "dataTypeName": "calendar_date", "name": "Create Time", "format": {"view": "default_date_time"}}, {"cachedContents": {"sum": "359717", "smallest": "1", "average": "2.000940069197993", "cardinality": "3", "non_null": 179774, "largest": "3", "not_null": "179774", "null": "537", "top": [{"item": "3", "count": "63453"}, {"item": "1", "count": "63284"}, {"item": "2", "count": "53037"}]}, "width": 184, "fieldName": "area_id", "id": 315947418, "renderTypeName": "number", "tableColumnId": 51995090, "position": 3, "dataTypeName": "number", "name": "Area Id", "format": {"groupSeparator": ",", "decimalSeparator": "."}}, {"cachedContents": {"smallest": "01X", "cardinality": "58", "non_null": 179697, "largest": "PDT2", "not_null": "179697", "null": "614", "top": [{"item": "04X", "count": "7742"}, {"item": "08X", "count": "6689"}, {"item": "19X", "count": "5516"}, {"item": "26Y", "count": "5284"}, {"item": "30X", "count": "5132"}, {"item": "30Y", "count": "5117"}, {"item": "06X", "count": "4933"}, {"item": "34X", "count": "4928"}, {"item": "23X", "count": "4816"}, {"item": "29X", "count": "4758"}, {"item": "27Y", "count": "4254"}, {"item": "20X", "count": "4209"}, {"item": "31Y", "count": "4167"}, {"item": "35X", "count": "4166"}, {"item": "07X", "count": "4100"}, {"item": "03X", "count": "4018"}, {"item": "25X", "count": "3791"}, {"item": "09X", "count": "3786"}, {"item": "32X", "count": "3756"}, {"item": "33X", "count": "3732"}]}, "width": 148, "fieldName": "beat", "id": 315947419, "renderTypeName": "text", "tableColumnId": 51995091, "position": 4, "dataTypeName": "text", "name": "Beat", "format": {}}, {"cachedContents": {"sum": "326554", "smallest": "1", "average": "1.811059780046697", "cardinality": "2", "non_null": 180311, "largest": "2", "not_null": "180311", "null": "0", "top": [{"item": "2", "count": "146243"}, {"item": "1", "count": "34068"}]}, "width": 196, "fieldName": "priority", "id": 315947420, "renderTypeName": "number", "tableColumnId": 51995092, "position": 5, "dataTypeName": "number", "name": "Priority", "format": {"groupSeparator": ",", "decimalSeparator": "."}}, {"cachedContents": {"smallest": "107", "cardinality": "260", "non_null": 180311, "largest": "YELALT", "not_null": "180311", "null": "0", "top": [{"item": "933R", "count": "18781"}, {"item": "911H", "count": "13331"}, {"item": "SECCK", "count": "11570"}, {"item": "415", "count": "11093"}, {"item": "415C", "count": "6719"}, {"item": "10851", "count": "5539"}, {"item": "5150", "count": "5051"}, {"item": "242", "count": "4612"}, {"item": "949", "count": "4341"}, {"item": "912", "count": "4327"}, {"item": "243E", "count": "3829"}, {"item": "HAZ", "count": "3125"}, {"item": "415GS", "count": "3077"}, {"item": "11500", "count": "2964"}, {"item": "211", "count": "2847"}, {"item": "602L", "count": "2718"}, {"item": "943", "count": "2464"}, {"item": "WELCK", "count": "2293"}, {"item": "20002", "count": "2183"}, {"item": "245", "count": "2111"}]}, "width": 292, "fieldName": "incident_type_id", "id": 315947421, "renderTypeName": "text", "tableColumnId": 51995093, "position": 6, "dataTypeName": "text", "name": "Incident Type Id", "format": {}}, {"cachedContents": {"smallest": "21235 MOTORSCOOTER", "cardinality": "262", "non_null": 180311, "largest": "YELLOW ALERT AT THE", "not_null": "180311", "null": "0", "top": [{"item": "ALARM-RINGER", "count": "18781"}, {"item": "911 HANG-UP", "count": "13331"}, {"item": "SECURITY CHECK", "count": "11570"}, {"item": "415 UNKNOWN", "count": "6719"}, {"item": "DISTURBING THE PEACE", "count": "6238"}, {"item": "STOLEN VEHICLE", "count": "5539"}, {"item": "MENTALLY ILL", "count": "5051"}, {"item": "BATTERY", "count": "4612"}, {"item": "SUSPICIOUS VEHICLE", "count": "4341"}, {"item": "SUSPICIOUS PERSON", "count": "4327"}, {"item": "BATTERY ON CO-HABITA", "count": "3829"}, {"item": "415 FAMILY", "count": "3476"}, {"item": "HAZARDOUS SITUATION/", "count": "3125"}, {"item": "415 GUNSHOTS", "count": "3077"}, {"item": "DRUG DEALING", "count": "2964"}, {"item": "ROBBERY", "count": "2847"}, {"item": "TRESPASS:", "count": "2718"}, {"item": "FIGHT", "count": "2464"}, {"item": "WELFARE CHECK -- CHE", "count": "2293"}, {"item": "HIT & RUN (PROPERTY", "count": "2183"}]}, "width": 400, "fieldName": "incident_type_description", "id": 315947422, "renderTypeName": "text", "tableColumnId": 51995094, "position": 7, "dataTypeName": "text", "name": "Incident Type Description", "format": {}}, {"cachedContents": {"smallest": "LOP100101000001", "cardinality": "180311", "non_null": 180311, "largest": "LOP101231000964", "not_null": "180311", "null": "0", "top": [{"item": "LOP100313001015", "count": "1"}, {"item": "LOP101022000741", "count": "1"}, {"item": "LOP101102000157", "count": "1"}, {"item": "LOP100831001155", "count": "1"}, {"item": "LOP100925000261", "count": "1"}, {"item": "LOP101129000362", "count": "1"}, {"item": "LOP100115000994", "count": "1"}, {"item": "LOP100118000609", "count": "1"}, {"item": "LOP100726000208", "count": "1"}, {"item": "LOP100227001158", "count": "1"}, {"item": "LOP100911000959", "count": "1"}, {"item": "LOP100928000793", "count": "1"}, {"item": "LOP101009000800", "count": "1"}, {"item": "LOP101011000513", "count": "1"}, {"item": "LOP100325000060", "count": "1"}, {"item": "LOP101203000744", "count": "1"}, {"item": "LOP101204000830", "count": "1"}, {"item": "LOP100227000177", "count": "1"}, {"item": "LOP100410000862", "count": "1"}, {"item": "LOP100927001004", "count": "1"}]}, "width": 244, "fieldName": "event_number", "id": 315947423, "renderTypeName": "text", "tableColumnId": 51995095, "position": 8, "dataTypeName": "text", "name": "Event Number", "format": {}}, {"cachedContents": {"smallest": "2010-01-01T00:06:25.000", "cardinality": "179790", "non_null": 180292, "largest": "2012-10-14T14:37:50.000", "not_null": "180292", "null": "19", "top": [{"item": "2010-04-25T22:27:29.000", "count": "2"}, {"item": "2010-09-14T00:12:08.000", "count": "2"}, {"item": "2010-10-02T09:21:30.000", "count": "2"}, {"item": "2010-10-09T15:27:52.000", "count": "2"}, {"item": "2010-06-02T21:15:26.000", "count": "2"}, {"item": "2010-09-06T22:15:52.000", "count": "2"}, {"item": "2010-03-15T21:19:22.000", "count": "2"}, {"item": "2010-01-25T17:45:17.000", "count": "2"}, {"item": "2010-10-21T17:31:54.000", "count": "2"}, {"item": "2010-08-09T13:35:31.000", "count": "2"}, {"item": "2010-07-16T23:35:18.000", "count": "2"}, {"item": "2010-06-14T10:29:30.000", "count": "2"}, {"item": "2010-03-21T20:52:43.000", "count": "2"}, {"item": "2010-02-26T12:43:06.000", "count": "2"}, {"item": "2010-07-05T19:47:44.000", "count": "2"}, {"item": "2010-05-28T10:54:41.000", "count": "2"}, {"item": "2010-06-17T06:20:16.000", "count": "2"}, {"item": "2010-01-27T21:53:59.000", "count": "2"}, {"item": "2010-01-10T03:05:48.000", "count": "2"}, {"item": "2010-04-10T21:18:19.000", "count": "2"}]}, "width": 232, "fieldName": "closed_time", "id": 315947424, "renderTypeName": "calendar_date", "tableColumnId": 51995096, "position": 9, "dataTypeName": "calendar_date", "name": "Closed Time", "format": {"view": "default_date_time"}}, {"width": 220, "fieldName": "location_1", "id": 315947425, "renderTypeName": "location", "tableColumnId": 51995097, "position": 10, "dataTypeName": "location", "name": "Location 1", "format": {}}, {"format": {}, "fieldName": ":@computed_region_w23w_jfhw", "id": 315973993, "renderTypeName": "number", "tableColumnId": 52002864, "position": 15, "dataTypeName": "number", "name": "Zip Codes", "computationStrategy": {"source_columns": ["location_1"], "parameters": {"region": "_w23w-jfhw", "primary_key": "_feature_id"}, "type": "georegion_match_on_point"}}], "publicationStage": "published", "rowsUpdatedAt": 1502901035, "downloadCount": 15, "viewCount": 58, "totalTimesRated": 0}