{"publicationGroup": 14603068, "approvals": [{"submissionOutcomeApplication": {"status": "success", "failureCount": 0}, "submissionId": 495271, "submitter": {"displayName": "A. Fuller", "id": "9e4n-uys4"}, "workflowId": 1504, "state": "approved", "submittedAt": 1510240936, "reviewedAt": 1510240936, "submissionObject": "public_audience_request", "submissionOutcome": "change_audience", "reviewedAutomatically": true, "submissionDetails": {"permissionType": "READ"}}], "description": "PRR 22635 crime lab employee stats for 2010", "viewType": "tabular", "hideFromCatalog": false, "oid": 27208351, "newBackend": true, "metadata": {"availableDisplayTypes": ["table", "fatrow", "page"], "renderTypeConfig": {"visible": {"table": true}}}, "createdAt": 1510240379, "averageRating": 0, "id": "a9v6-d9br", "tableAuthor": {"displayName": "A. Fuller", "screenName": "A. Fuller", "id": "9e4n-uys4", "type": "interactive"}, "licenseId": "PDDL", "viewLastModified": 1510240936, "flags": ["default", "restorable", "restorePossibleForType"], "name": "PRR 2635 2010", "tags": ["crime lab employees"], "provenance": "official", "grants": [{"flags": ["public"], "inherited": false, "type": "viewer"}], "category": "Public Services", "rights": ["read"], "owner": {"displayName": "A. Fuller", "screenName": "A. Fuller", "id": "9e4n-uys4", "type": "interactive"}, "query": {}, "license": {"termsLink": "http://opendatacommons.org/licenses/pddl/1.0/", "name": "Open Data Commons Public Domain Dedication and License"}, "numberOfComments": 0, "tableId": 14603080, "publicationDate": 1510240936, "displayType": "table", "publicationAppendEnabled": false, "locale": "en_US", "indexUpdatedAt": 1510241713, "hideFromDataJson": false, "rowsUpdatedBy": "9e4n-uys4", "columns": [{"cachedContents": {"non_null": 100, "top": [{"item": "102610 - Criminalistics Unit", "count": 20}, {"item": "2010-10-08T00:00:00", "count": 19}, {"item": "ORGANIZATION NUMBER AND NAME", "count": 18}, {"item": "2010-11-10T00:00:00", "count": 17}, {"item": "2010-12-13T00:00:00", "count": 16}], "smallest": "102610 - Criminalistics Unit", "null": 4, "largest": "ORGANIZATION NUMBER AND NAME"}, "width": 436, "fieldName": "organization_number_and_name", "id": 329221112, "renderTypeName": "text", "tableColumnId": 56254809, "position": 2, "dataTypeName": "text", "name": "ORGANIZATION NUMBER AND NAME", "format": {}}, {"cachedContents": {"sum": "99256", "smallest": "1010", "average": "1044.8", "non_null": 95, "largest": "2112", "null": 9, "top": [{"item": "1010", "count": 20}, {"item": "2112", "count": 19}]}, "width": 160, "fieldName": "pfund", "id": 329221113, "renderTypeName": "number", "tableColumnId": 56254810, "position": 3, "dataTypeName": "number", "name": "PFUND", "format": {"groupSeparator": ",", "decimalSeparator": "."}}, {"cachedContents": {"non_null": 97, "top": [{"item": "0000000", "count": 20}, {"item": "PROJ", "count": 19}, {"item": "G353510", "count": 18}], "smallest": "0000000", "null": 7, "largest": "PROJ"}, "width": 148, "fieldName": "proj", "id": 329221114, "renderTypeName": "text", "tableColumnId": 56254811, "position": 4, "dataTypeName": "text", "name": "PROJ", "format": {}}, {"cachedContents": {"non_null": 97, "top": [{"item": "PS05", "count": 20}, {"item": "PS03", "count": 19}, {"item": "PROG", "count": 18}], "smallest": "PROG", "null": 7, "largest": "PS05"}, "width": 148, "fieldName": "prog", "id": 329221115, "renderTypeName": "text", "tableColumnId": 56254812, "position": 5, "dataTypeName": "text", "name": "PROG", "format": {}}, {"cachedContents": {"non_null": 97, "top": [{"item": "Criminalist I", "count": 20}, {"item": "Criminalist II", "count": 19}, {"item": "Criminalist III", "count": 18}, {"item": "Latent Print Examiner II", "count": 17}, {"item": "Manager, Crime Laboratory", "count": 16}, {"item": "Office Assistant II", "count": 15}, {"item": "JOB CLASSIFICATION TITLE", "count": 14}, {"item": "Exempt Limited Duration Employee", "count": 13}], "smallest": "Criminalist I", "null": 7, "largest": "Office Assistant II"}, "width": 388, "fieldName": "job_classification_title", "id": 329221116, "renderTypeName": "text", "tableColumnId": 56254813, "position": 6, "dataTypeName": "text", "name": "JOB CLASSIFICATION TITLE", "format": {}}, {"cachedContents": {"non_null": 97, "top": [{"item": "PS114", "count": 20}, {"item": "PS112", "count": 19}, {"item": "PS113", "count": 18}, {"item": "PS187", "count": 17}, {"item": "EM178", "count": 16}, {"item": "SS153", "count": 15}, {"item": "CLASS#", "count": 14}, {"item": "AP188", "count": 13}], "smallest": "AP188", "null": 7, "largest": "SS153"}, "width": 172, "fieldName": "class", "id": 329221117, "renderTypeName": "text", "tableColumnId": 56254814, "position": 7, "dataTypeName": "text", "name": "CLASS#", "format": {}}, {"cachedContents": {"non_null": 97, "top": [{"item": "SD1", "count": 20}, {"item": "TW1", "count": 19}, {"item": "UH1", "count": 18}, {"item": "UM1", "count": 17}, {"item": "REP", "count": 16}, {"item": "U51", "count": 15}], "smallest": "REP", "null": 7, "largest": "UM1"}, "width": 136, "fieldName": "rep", "id": 329221118, "renderTypeName": "text", "tableColumnId": 56254815, "position": 8, "dataTypeName": "text", "name": "REP", "format": {}}, {"cachedContents": {"sum": "190.00", "smallest": "1.00", "average": "1.919191919191919", "non_null": 99, "largest": "24.00", "null": 5, "top": [{"item": "1.00", "count": 20}, {"item": "23.00", "count": 19}, {"item": "24.00", "count": 18}]}, "width": 136, "fieldName": "fte", "id": 329221119, "renderTypeName": "number", "tableColumnId": 56254816, "position": 9, "dataTypeName": "number", "name": "FTE", "format": {"groupSeparator": ",", "decimalSeparator": "."}}, {"cachedContents": {"sum": "1593396.79686", "smallest": "692.692", "average": "16772.59786168421", "non_null": 95, "largest": "31599.31599", "null": 9, "top": [{"item": "11747.11747", "count": 20}, {"item": "2067.2067", "count": 19}, {"item": "2518.2518", "count": 18}, {"item": "2701.2701", "count": 17}, {"item": "26911.26911", "count": 16}, {"item": "26909.26909", "count": 15}, {"item": "28062.28062", "count": 14}, {"item": "5351.5351", "count": 13}, {"item": "15095.15095", "count": 12}, {"item": "26908.26908", "count": 11}, {"item": "28063.28063", "count": 10}, {"item": "24459.21979", "count": 9}, {"item": "26910.26910", "count": 8}, {"item": "26907.26907", "count": 7}, {"item": "20647.20647", "count": 6}, {"item": "5350.5350", "count": 5}, {"item": "2773.2773", "count": 4}, {"item": "692.692", "count": 3}, {"item": "31599.31599", "count": 2}, {"item": "28535.28535", "count": 1}]}, "width": 148, "fieldName": "pos", "id": 329221120, "renderTypeName": "number", "tableColumnId": 56254817, "position": 10, "dataTypeName": "number", "name": "POS#", "format": {"groupSeparator": ",", "decimalSeparator": "."}}, {"cachedContents": {"non_null": 81, "top": [{"item": "Dieu Waliana", "count": 20}, {"item": "Freckelton Stephanya E", "count": 19}, {"item": "31381.31381", "count": 18}, {"item": "Cavness Shannon C", "count": 17}, {"item": "Cheng Bonnie", "count": 16}, {"item": "Iglesias-Lee Ines P", "count": 15}, {"item": "Langley Tana A", "count": 14}, {"item": "LeMon Amanita", "count": 13}, {"item": "Paton Patrick", "count": 12}, {"item": "Sachs Sandra", "count": 11}, {"item": "Sentiwany Chani A", "count": 10}, {"item": "Silva Laura D", "count": 9}, {"item": "Weller Todd J", "count": 8}, {"item": "Bennett Mark", "count": 7}, {"item": "Mihalovich Jennifer M", "count": 6}, {"item": "30638.30638", "count": 5}, {"item": "Galaviz-Flores Debra", "count": 4}, {"item": "Gibbons Mary M", "count": 3}, {"item": "Ikharo-Oza Ummu N", "count": 2}, {"item": "EMPLOYEE NAME", "count": 1}], "smallest": "30638.30638", "null": 23, "largest": "Weller Todd J"}, "width": 256, "fieldName": "employee_name", "id": 329221121, "renderTypeName": "text", "tableColumnId": 56254818, "position": 11, "dataTypeName": "text", "name": "EMPLOYEE NAME", "format": {}}, {"cachedContents": {"sum": "916190", "smallest": "2062", "average": "13088.42857142857", "non_null": 70, "largest": "19065", "null": 34, "top": [{"item": "16579", "count": 20}, {"item": "17385", "count": 19}, {"item": "12759", "count": 18}, {"item": "18840", "count": 17}, {"item": "14656", "count": 16}, {"item": "10518", "count": 15}, {"item": "12154", "count": 14}, {"item": "18841", "count": 13}, {"item": "17735", "count": 12}, {"item": "13224", "count": 11}, {"item": "17158", "count": 10}, {"item": "10400", "count": 9}, {"item": "13907", "count": 8}, {"item": "2062", "count": 7}, {"item": "17721", "count": 6}, {"item": "3112", "count": 5}, {"item": "2464", "count": 4}, {"item": "19065", "count": 3}]}, "width": 148, "fieldName": "emp", "id": 329221122, "renderTypeName": "number", "tableColumnId": 56254819, "position": 12, "dataTypeName": "number", "name": "EMP#", "format": {"groupSeparator": ",", "decimalSeparator": "."}}, {"cachedContents": {"non_null": 5, "top": [{"item": "END DATE", "count": 20}, {"item": "2010-12-31T00:00:00", "count": 19}], "smallest": "2010-12-31T00:00:00", "null": 99, "largest": "END DATE"}, "width": 196, "fieldName": "end_date", "id": 329221123, "renderTypeName": "text", "tableColumnId": 56254820, "position": 13, "dataTypeName": "text", "name": "END DATE", "format": {}}, {"cachedContents": {"non_null": 97, "top": [{"item": "N", "count": 20}, {"item": "FROZ", "count": 19}], "smallest": "FROZ", "null": 7, "largest": "N"}, "width": 148, "fieldName": "froz", "id": 329221124, "renderTypeName": "text", "tableColumnId": 56254821, "position": 14, "dataTypeName": "text", "name": "FROZ", "format": {}}, {"cachedContents": {"non_null": 97, "top": [{"item": "N", "count": 20}, {"item": "GH FROZ", "count": 19}], "smallest": "GH FROZ", "null": 7, "largest": "N"}, "width": 184, "fieldName": "gh_froz", "id": 329221125, "renderTypeName": "text", "tableColumnId": 56254822, "position": 15, "dataTypeName": "text", "name": "GH FROZ", "format": {}}], "publicationStage": "published", "rowsUpdatedAt": 1510240556, "downloadCount": 20, "viewCount": 26, "totalTimesRated": 0}